TICKER;EMPRESA;CNPJ
RRRP3;3R PETROLEUM;12.091.809/0001-55
TTEN3;3TENTOS;94.813.102/0001-70
AERI3;AERIS;12.528.708/0001-07
TIET11;AES TIETE ENERGIA;04.128.563/0001-10
TIET3;AES TIETE ENERGIA;04.128.563/0001-10
TIET4;AES TIETE ENERGIA;04.128.563/0001-10
AGXY3;AGROGALAXY;21.240.146/0001-84
ALLD3;ALLIED;20.247.322/0001-47
ALPA3;ALPARGATAS;61.079.117/0001-05
ALPA4;ALPARGATAS;61.079.117/0001-05
AVLL3;ALPHAVILLE;16.811.931/0001-00
ALUP11;ALUPAR INVESTIMENTO;08.364.948/0001-38
ALUP3;ALUPAR INVESTIMENTO;08.364.948/0001-38
ALUP4;ALUPAR INVESTIMENTO;08.364.948/0001-38
ABEV3;AMBEV;07.526.557/0001-00
AMBP3;AMBIPAR;12.648.266/0001-24
ANIM3;ANIMA HOLDING;09.288.252/0001-32
ARZZ3;AREZZO INDÚSTRIA E COMÉRCIO;16.590.234/0001-76
ARML3;ARMAC;00.242.184/0001-04
CRFB3;ATACADÃO;75.315.333/0001-09
ATOM3;ATOM;00.359.742/0001-08
AURE3;AUREN ENERGIA;28.594.234/0001-23
AZUL4;AZUL;09.305.994/0001-29
BTOW3;B2W – COMPANHIA DIGITAL;00.776.574/0001-56
B3SA3;B3 – BRASIL – BOLSA – BALCÃO;09.346.601/0001-25
ABCB4;BANCO ABC BRASIL;28.195.667/0001-06
BMGB4;BANCO BMG;61.186.680/0001-74
BBDC3;BANCO BRADESCO;60.746.948/0001-12
BBDC4;BANCO BRADESCO;60.746.948/0001-12
BPAC11;BANCO BTG PACTUAL;30.306.294/0001-45
BPAC3;BANCO BTG PACTUAL;30.306.294/0001-45
BPAC5;BANCO BTG PACTUAL;30.306.294/0001-45
BBAS3;BANCO DO BRASIL;00.000.000/0001-91
BPAN4;BANCO PAN;59.285.411/0001-13
PINE3;BANCO PINE;62.144.175/0001-20
PINE4;BANCO PINE;62.144.175/0001-20
SANB11;BANCO SANTANDER;90.400.888/0001-42
SANB3;BANCO SANTANDER;90.400.888/0001-42
SANB4;BANCO SANTANDER;90.400.888/0001-42
BRSR3;BANRISUL;92.702.067/0001-96
BRSR5;BANRISUL;92.702.067/0001-96
BRSR6;BANRISUL;92.702.067/0001-96
BBSE3;BB SEGURIDADE;17.344.597/0001-94
BMOB3;BEMOBI;09.042.817/0001-05
BSEV3;BIOSEV;15.527.906/0001-36
BLAU3;BLAU FARMACÊUTICA;58.430.828/0001-60
SOJA3;BOA SAFRA;10.807.374/0001-77
BOAS3;BOA VISTA;11.725.176/0001-27
BOBR3;BOMBRIL;50.564.053/0001-03
BOBR4;BOMBRIL;50.564.053/0001-03
BRML3;BR MALLS PARTICIPACOES;06.977.745/0001-91
BRBI11;BR PARTNERS;10.739.356/0001-03
BRPR3;BR PROPERTIES;06.977.751/0001-49
BRAP3;BRADESPAR;03.847.461/0001-92
BRAP4;BRADESPAR;03.847.461/0001-92
BBRK3;BRASIL BROKERS;08.613.550/0001-98
AGRO3;BRASILAGRO;07.628.528/0001-59
BRKM3;BRASKEM;42.150.391/0001-70
BRKM5;BRASKEM;42.150.391/0001-70
BRKM6;BRASKEM;42.150.391/0001-70
BRFS3;BRF;01.838.723/0001-27
BRIT3;BRISANET;19.796.586/0001-70
CEAB3;C&A MODAS;45.242.914/0001-05
CXSE3;CAIXA SEGURIDADE;22.543.331/0001-00
CAML3;CAMIL ALIMENTOS;64.904.295/0001-03
CBAV3;CBA;61.409.892/0001-73
CCRO3;CCR;02.846.056/0001-97
CNTO3;CENTAURO;13.217.485/0001-11
AALR3;CENTRO DE IMAGEM DIAGNOSTICOS;42.771.949/0001-35
PCAR3;CIA BRASILEIRA DE DISTRIBUICAO;47.508.411/0001-56
PCAR4;CIA BRASILEIRA DE DISTRIBUICAO;47.508.411/0001-56
CMIG4;CIA ENERGETICA DE MINAS GERAIS – CEMIG;17.155.730/0001-64
CMIG4;CIA ENERGETICA DE MINAS GERAIS – CEMIG;17.155.730/0001-64
CEPE3;CIA ENERGETICA DE PERNAMBUCO – CELPE;10.835.932/0001-08
CEPE5;CIA ENERGETICA DE PERNAMBUCO – CELPE;10.835.932/0001-08
CEPE6;CIA ENERGETICA DE PERNAMBUCO – CELPE;10.835.932/0001-08
COCE3;CIA ENERGETICA DO CEARA – COELCE;07.047.251/0001-70
COCE5;CIA ENERGETICA DO CEARA – COELCE;07.047.251/0001-70
COCE6;CIA ENERGETICA DO CEARA – COELCE;07.047.251/0001-70
FESA3;CIA FERRO LIGAS DA BAHIA – FERBASA;15.141.799/0001-03
FESA4;CIA FERRO LIGAS DA BAHIA – FERBASA;15.141.799/0001-03
CGAS3;CIA GAS DE SAO PAULO – COMGAS;61.856.571/0001-17
CGAS5;CIA GAS DE SAO PAULO – COMGAS;61.856.571/0001-17
LCAM3;CIA LOCAÇÃO DAS AMÉRICAS;10.215.988/0001-60
SBSP3;CIA SANEAMENTO BASICO SAO PAULO – SABESP;43.776.517/0001-80
CSMG3;CIA SANEAMENTO DE MINAS GERAIS – COPASA;17.281.106/0001-03
SAPR11;CIA SANEAMENTO DO PARANA – SANEPAR;76.484.013/0001-45
SAPR3;CIA SANEAMENTO DO PARANA – SANEPAR;76.484.013/0001-45
SAPR4;CIA SANEAMENTO DO PARANA – SANEPAR;76.484.013/0001-45
CSNA3;CIA SIDERURGICA NACIONAL;33.042.730/0001-04
CTNM3;CIA TECIDOS NORTE DE MINAS COTEMINAS;22.677.520/0001-76
CTNM4;CIA TECIDOS NORTE DE MINAS COTEMINAS;22.677.520/0001-76
TRPL3;CIA TRANSMISSÃO ENERGIA ELÉTRICA PAULISTA – CTEEP;02.998.611/0001-04
TRPL4;CIA TRANSMISSÃO ENERGIA ELÉTRICA PAULISTA – CTEEP;02.998.611/0001-04
CIEL3;CIELO;01.027.058/0001-91
CLSA3;CLEAR SALE;03.802.115/0001-98
COGN3;COGNA EDUCAÇÃO;02.800.026/0001-40
TEND3;CONSTRUTORA TENDA;71.476.527/0001-35
CSAN3;COSAN;50.746.577/0001-15
CPFE3;CPFL ENERGIA;02.429.144/0001-93
CREM3;CREMER;82.641.325/0001-18
CSED3;CRUZEIRO DO SUL EDUCACIONAL;62.984.091/0001-02
CMIN3;CSN MINERAÇÃO;08.902.291/0001-15
CARD3;CSU CARDSYSTEM;01.896.779/0001-38
CURY3;CURY;08.797.760/0001-83
CVCB3;CVC BRASIL OPERADORA E AGÊNCIA DE VIAGENS;10.760.260/0001-19
CYRE3;CYRELA BRAZIL REALTYEMPREEND E PART;73.178.600/0001-18
CCPR3;CYRELA COMMERCIAL PROPERTIES;08.801.621/0001-86
DMVF3;D1000;12.108.897/0001-50
DESK3;DESKTOP;08.170.849/0001-15
DXCO3;DEXCO;97.837.181/0001-47
DIRR3;DIRECIONAL ENGENHARIA;16.614.075/0001-00
DMMO3;DOMMO;08.926.302/0001-05
DOTZ3;DOTZ;10.221.279/0001-97
DAGB33;DUFRY A.G.;11.423.623/0001-93
ECOR3;ECORODOVIAS INFRAESTRUTURA E LOGÍSTICA;04.149.454/0001-80
ENBR3;EDP – ENERGIAS DO BRASIL;03.983.431/0001-03
ELEK3;ELEKEIROZ;13.788.120/0001-47
ELEK4;ELEKEIROZ;13.788.120/0001-47
ELET3;ELETROBRAS;00.001.180/0001-26
ELET6;ELETROBRAS;00.001.180/0001-26
ELMD3;ELETROMIDIA;09.347.516/0001-81
ELPL3;ELETROPAULO;61.695.227/0001-93
EMBR3;EMBRAER;07.689.002/0001-89
ENAT3;ENAUTA PARTICIPAÇÕES;11.669.021/0001-10
ENGI11;ENERGISA;00.864.214/0001-06
ENGI3;ENERGISA;00.864.214/0001-06
ENGI4;ENERGISA;00.864.214/0001-06
ENEV3;ENEVA;04.423.567/0001-21
EGIE3;ENGIE BRASIL ENERGIA;02.474.103/0001-19
ENJU3;ENJOEI;16.922.038/0001-51
EQTL3;EQUATORIAL ENERGIA;03.220.438/0001-73
ESPA3;ESPAÇO LASER;26.659.061/0001-59
ALPK3;ESTAPAR;60.537.263/0001-66
ETER3;ETERNIT;61.092.037/0001-81
EUCA3;EUCATEX;56.643.018/0001-66
EUCA4;EUCATEX;56.643.018/0001-66
EVEN3;EVEN CONSTRUTORA E INCORPORADORA;43.470.988/0001-65
BAUH3;EXCELSIOR ALIMENTOS;95.426.862/0001-97
BAUH4;EXCELSIOR ALIMENTOS;95.426.862/0001-97
EZTC3;EZ TEC;08.312.229/0001-73
FHER3;FERTILIZANTES HERINGER;22.266.175/0001-88
FLRY3;FLEURY;60.840.055/0001-31
POWE3;FOCUS ENERGIA;26.735.020/0001-02
FRAS3;FRAS-LE;88.610.126/0001-29
GFSA3;GAFISA;01.545.826/0001-07
GSHP3;GENERAL SHOPPING BRASIL;08.764.621/0001-53
GGBR3;GERDAU;33.611.500/0001-19
GGBR4;GERDAU;33.611.500/0001-19
NINJ3;GET NINJAS;14.127.813/0001-51
GOLL4;GOL LINHAS AEREAS INTELIGENTES;06.164.253/0001-87
CGRA3;GRAZZIOTIN;92.012.467/0001-70
CGRA4;GRAZZIOTIN;92.012.467/0001-70
GRND3;GRENDENE;89.850.341/0001-60
GGPS3;GRUPO GPS;09.229.201/0001-30
GMAT3;GRUPO MATEUS;24.990.777/0001-09
SOMA3;GRUPO SOMA;10.285.590/0001-08
VAMO3;GRUPO VAMOS;23.373.000/0001-32
GUAR3;GUARARAPES CONFECCOES;08.402.943/0001-52
GUAR4;GUARARAPES CONFECCOES;08.402.943/0001-52
HAPV3;HAPVIDA;63.554.067/0001-98
HBRE3;HBR REALTY;14.785.152/0001-51
HBOR3;HELBOR EMPREENDIMENTOS;49.263.189/0001-02
HGTX3;HERING;78.876.950/0001-71
HBSA3;HIDROVIAS DO BRASIL;12.648.327/0001-53
MATD3;HOSPITAL MATER DEI;16.676.520/0001-59
HOOT3;HOTEIS OTHON;33.200.049/0001-47
HOOT4;HOTEIS OTHON;33.200.049/0001-47
HYPE3;HYPERA PHARMA;02.932.074/0001-91
IDNT3;IDEIASNET;02.365.069/0001-44
IGTA3;IGUATEMI EMPRESA DE SHOPPING CENTERS;51.218.147/0001-93
ROMI3;INDUSTRIAS ROMI;56.720.428/0001-63
IFCM3;INFRACOMMERCE;38.456.921/0001-36
PARD3;INSTITUTO HERMES PARDINI;19.378.769/0001-76
INTB3;INTELBRAS;82.901.000/0001-27
MYPK3;IOCHPE MAXION;61.156.113/0001-75
IRBR3;IRB – BRASIL RESSEGUROS;33.376.989/0001-91
ITUB3;ITAU UNIBANCO HOLDING;60.872.504/0001-23
ITUB4;ITAU UNIBANCO HOLDING;60.872.504/0001-23
ITSA3;ITAUSA INVESTIMENTOS;61.532.644/0001-15
ITSA4;ITAUSA INVESTIMENTOS;61.532.644/0001-15
JALL3;JALLES MACHADO;02.635.522/0001-95
JBSS3;JBS;02.916.265/0001-60
JHSF3;JHSF PARTICIPACOES;08.294.224/0001-65
JSLG3;JSL;52.548.435/0001-79
CTKA3;KARSTEN;82.640.558/0001-04
CTKA4;KARSTEN;82.640.558/0001-04
KEPL3;KEPLER WEBER;91.983.056/0001-69
KLBN11;KLABIN;89.637.490/0001-45
KLBN3;KLABIN;89.637.490/0001-45
KLBN4;KLABIN;89.637.490/0001-45
KRSA3;KORA SAÚDE;13.270.520/0001-66
LAVV3;LAVVI;26.462.693/0001-28
LIGT3;LIGHT;03.378.521/0001-75
LINX3;LINX;06.948.969/0001-75
LVTC3;LIVETECH DA BAHIA;05.917.486/0001-40
RENT3;LOCALIZA RENT A CAR;16.670.085/0001-55
LWSA3;LOCAWEB;02.351.877/0001-52
LOGG3;LOG COMMERCIAL PROPERTIES;09.041.168/0001-10
LOGN3;LOG-IN LOGISTICA INTERMODAL;42.278.291/0001-24
LAME3;LOJAS AMERICANAS;33.014.556/0001-96
LAME4;LOJAS AMERICANAS;33.014.556/0001-96
AMAR3;LOJAS MARISA;61.189.288/0001-89
LREN3;LOJAS RENNER;92.754.738/0001-62
LPSB3;LPS BRASIL – CONSULTORIA DE IMOVEIS;08.078.847/0001-09
LUPA3;LUPATECH;89.463.822/0001-12
MDIA3;M.DIAS BRANCO IND COM DE ALIMENTOS;07.206.816/0001-15
MGLU3;MAGAZINE LUIZA;47.960.950/0001-21
MAGG3;MAGNESITA REFRATARIOS;08.684.547/0001-65
LEVE3;MAHLE-METAL LEVE;60.476.884/0001-87
ESTR3;MANUFATURA DE BRINQUEDOS ESTRELA;61.082.004/0001-50
ESTR4;MANUFATURA DE BRINQUEDOS ESTRELA;61.082.004/0001-50
POMO3;MARCOPOLO;88.611.835/0001-29
POMO4;MARCOPOLO;88.611.835/0001-29
MRFG3;MARFRIG GLOBAL FOODS;03.853.896/0001-40
CASH3;MÉLIUZ;14.110.585/0001-07
MELK3;MELNICK EVEN;12.181.987/0001-77
FRIO3;METALFRIO SOLUTIONS;04.821.041/0001-08
GOAU3;METALURGICA GERDAU;92.690.783/0001-09
GOAU4;METALURGICA GERDAU;92.690.783/0001-09
MILS3;MILLS ESTRUTURAS E SERVIÇOS DE ENGENHARIA;27.093.558/0001-15
BEEF3;MINERVA;67.620.377/0001-14
MTRE3;MITRE;07.882.930/0001-65
MTRE3;MITRE REALTY;07.882.930/0001-65
MMXM3;MMX MINERACAO E METALICOS;02.762.115/0001-49
MBLY3;MOBLY;31.553.627/0001-01
MODL11;MODAL MAIS;30.723.886/0001-62
MOSI3;MOSAICO VENTURES;09.083.175/0001-84
MDNE3;MOURA DUBEUX;12.049.631/0001-84
MOVI3;MOVIDA;21.314.559/0001-66
MRVE3;MRV ENGENHARIA;08.343.492/0001-20
MLAS3;MULTILASER;59.717.553/0001-02
MULT3;MULTIPLAN;07.816.890/0001-53
MPLU3;MULTIPLUS;11.094.546/0001-75
MNDL3;MUNDIAL – PRODUTOS DE CONSUMO;88.610.191/0001-54
NAFG3;NADIR FIGUEIREDO;61.067.161/0001-97
NAFG4;NADIR FIGUEIREDO;61.067.161/0001-97
NTCO3;NATURA COSMETICOS;71.673.990/0001-77
NEOE3;NEOENERGIA;01.083.200/0001-18
NGRD3;NEOGRID;10.139.870/0001-08
GNDI3;NOTRE DAME INTERMÉDICA;19.853.511/0001-84
MEAL3;NTERNATIONAL MEAL COMPANY ALIMENTACAO;17.314.329/0001-20
OPCT3;OCEAN PACT;09.114.805/0001-30
ODPV3;ODONTOPREV;58.119.199/0001-51
OIBR3;OI;76.535.764/0001-43
OIBR4;OI;76.535.764/0001-43
ONCO3;ONCOCLÍNICAS;12.104.241/0004-02
ORVR3;ORIZON;11.421.994/0001-36
OSXB3;OSX BRASIL;09.112.685/0001-32
OFSA3;OURO FINO SAUDE ANIMAL;20.258.278/0001-70
PGMN3;PAGUE MENOS;06.626.253/0001-51
PMAM3;PARANAPANEMA;60.398.369/0004-79
PDGR3;PDG REALTY;02.950.811/0001-89
RECV3;PETRO RECÔNCAVO;03.342.704/0001-30
PRIO3;PETRO RIO;10.629.105/0001-68
PETR3;PETROLEO BRASILEIRO PETROBRAS;33.000.167/0001-01
PETR4;PETROLEO BRASILEIRO PETROBRAS;33.000.167/0001-01
PETZ3;PETZ;18.328.118/0001-09
PLPL3;PLANO & PLANO;24.230.275/0001-80
PSSA3;PORTO SEGURO;02.149.205/0001-69
PTBL3;PORTOBELLO;83.475.913/0001-91
POSI3;POSITIVO TECNOLOGIA;81.243.735/0001-48
PRNR3;PRINER;18.593.815/0001-97
PFRM3;PROFARMA DISTRIB PROD FARMACEUTICOS;45.453.214/0001-51
QUAL3;QUALICORP;11.992.680/0001-93
LJQQ3;QUERO-QUERO;96.418.264/0218-02
RADL3;RAIA DROGASIL;61.585.865/0001-51
RAIZ4;RAÍZEN;33.453.598/0001-23
RAPT3;RANDON IMPLEMENTOS;89.086.144/0001-16
RAPT4;RANDON IMPLEMENTOS;89.086.144/0001-16
RCSL3;RECRUSUL;91.333.666/0001-17
RCSL4;RECRUSUL;91.333.666/0001-17
RDOR3;REDE D’OR;06.047.087/0001-39
REDE3;REDE ENERGIA;61.584.140/0001-49
RPMG3;REFINARIA DE PETROLEOS MANGUINHOS;33.412.081/0001-96
RNEW11;RENOVA ENERGIA;08.534.605/0001-74
RNEW3;RENOVA ENERGIA;08.534.605/0001-74
RNEW4;RENOVA ENERGIA;08.534.605/0001-74
LLIS3;RESTOQUE COMÉRCIO E CONFECÇÕES DE ROUPAS;49.669.856/0001-43
GEPA3;RIO PARANAPANEMA ENERGIA;02.998.301/0001-81
GEPA4;RIO PARANAPANEMA ENERGIA;02.998.301/0001-81
RSID3;ROSSI RESIDENCIAL;61.065.751/0001-80
RAIL3;RUMO;02.387.241/0001-60
STBP3;SANTOS BRASIL;02.762.121/0001-04
SCAR3;SAO CARLOS;29.780.061/0001-09
SMTO3;SAO MARTINHO;51.466.860/0001-56
SLED3;SARAIVA LIVREIROS EDITORES;60.500.139/0001-26
SLED4;SARAIVA LIVREIROS EDITORES;60.500.139/0001-26
SHUL3;SCHULZ;84.693.183/0001-68
SHUL4;SCHULZ;84.693.183/0001-68
SEQL3;SEQUOIA;01.599.101/0001-93
SEER3;SER EDUCACIONAL;04.986.320/0001-13
SIMH3;SIMPAR;07.415.333/0001-20
SQIA3;SINQIA;04.065.791/0001-99
SLCE3;SLC AGRICOLA;89.096.457/0001-55
SMFT3;SMARTFIT;07.594.978/0001-78
SMLS3;SMILES FIDELIDADE;05.730.375/0001-20
SEDU3;SOMOS EDUCAÇÃO;02.541.982/0001-54
SSBR3;SONAE SIERRA BRASIL;05.878.397/0001-32
SGPS3;SPRINGS GLOBAL;07.718.269/0001-57
SULA11;SUL AMERICA;29.978.814/0001-87
SULA3;SUL AMERICA;29.978.814/0001-87
SULA4;SUL AMERICA;29.978.814/0001-87
SUZB3;SUZANO PAPEL E CELULOSE;16.404.287/0001-55
SHOW3;T4F ENTRETENIMENTO;02.860.694/0001-62
TASA3;TAURUS ARMAS;92.781.335/0001-02
TASA4;TAURUS ARMAS;92.781.335/0001-02
TRAD3;TC;26.345.998/0001-50
TECN3;TECHNOS;09.295.063/0001-97
TCSA3;TECNISA;08.065.557/0001-12
TCNO3;TECNOSOLO ENGENHARIA;33.111.246/0001-90
TCNO4;TECNOSOLO ENGENHARIA;33.111.246/0001-90
TGMA3;TEGMA GESTAO LOGISTICA;02.351.144/0001-18
TEGA3;TEGRA;30.213.493/0001-09
TEKA3;TEKA-TECELAGEM KUEHNRICH;82.636.986/0001-55
TEKA4;TEKA-TECELAGEM KUEHNRICH;82.636.986/0001-55
VIVT3;TELEFÔNICA BRASIL;02.558.157/0001-62
VIVT4;TELEFÔNICA BRASIL;02.558.157/0001-62
TESA3;TERRA SANTA AGRO;05.799.312/0001-20
TIMP3;TIM;02.558.115/0001-21
TOTS3;TOTVS;53.113.791/0001-22
TFCO4;TRACK & FIELD;59.418.806/0001-47
TAEE11;TRANSMISSORA ALIANÇA DE ENERGIA ELÉTRICA;07.859.971/0001-30
TAEE3;TRANSMISSORA ALIANÇA DE ENERGIA ELÉTRICA;07.859.971/0001-30
TAEE4;TRANSMISSORA ALIANÇA DE ENERGIA ELÉTRICA;07.859.971/0001-30
TRIS3;TRISUL;08.811.643/0001-27
TPIS3;TRIUNFO PART;03.014.553/0001-91
TUPY3;TUPY;84.683.374/0001-49
UGPA3;ULTRAPAR PARTICIPACOES;33.256.439/0001-39
UCAS3;UNICASA INDÚSTRIA DE MÓVEIS;90.441.460/0001-48
FIQE3;UNIFIQUE;2.255.187/0001-08
UNIP3;UNIPAR CARBOCLORO S.A.;33.958.695/0001-78
UNIP5;UNIPAR CARBOCLORO S.A.;33.958.695/0001-78
UNIP6;UNIPAR CARBOCLORO S.A.;33.958.695/0001-78
USIM3;USINAS SIDERÚRGICAS DE MINAS GERAIS – USIMINAS;60.894.730/0001-05
USIM5;USINAS SIDERÚRGICAS DE MINAS GERAIS – USIMINAS;60.894.730/0001-05
USIM6;USINAS SIDERÚRGICAS DE MINAS GERAIS – USIMINAS;60.894.730/0001-05
VALE3;VALE;33.592.510/0001-54
VLID3;VALID SOLUÇÕES;33.113.309/0001-47
VIIA3;VIA VAREJO;33.041.260/0652-90
VBBR3;VIBRA ENERGIA;34.274.233/0001-02
VITT3;VITTIA;45.365.558/0001-09
VIVA3;VIVARA;33.839.910/0001-11
VVEO3;VIVEO;12.420.164/0001-57
VULC3;VULCABRAS/AZALEIA;50.926.955/0001-42
WEGE3;WEG;84.429.695/0001-11
WEST3;WESTWING;14.776.142/0001-50
WHRL3;WHIRLPOOL;59.105.999/0001-86
WHRL4;WHIRLPOOL;59.105.999/0001-86
WSON33;WILSON SONS;05.721.735/0001-28
WIZC3;WIZ SOLUÇÕES E CORRETAGEM DE SEGUROS;42.278.473/0001-03
YDUQ3;YDUQS;08.807.432/0001-10
ZAMP3;ZAMP SA;13.574.594/0001-96
ABCP11;FUNDO DE INVESTIMENTO IMOBILIÁRIO GRAND PLAZA SHOPPING;01.201.140/0001-90
AFHI11;AF INVEST CRI FUNDO DE INVESTIMENTO IMOBILIÁRIO RECEBÍVEIS IMOBILIÁRIOS;36.642.293/0001-58
AIEC11;AUTONOMY EDIFÍCIOS CORPORATIVOS FUNDO DE INVESTIMENTO IMOBILIÁRIO;35.765.826/0001-26
ALMI11;FUNDO DE INVESTIMENTO IMOBILIÁRIO FII TORRE ALMIRANTE;07.122.725/0001-00
ALZM11;ALIANZA MULTIESTRATÉGIA FUNDO DE INVESTIMENTO IMOBILIÁRIO;34.847.063/0001-08
ALZR11;ALIANZA TRUST RENDA IMOBILIÁRIA FUNDO DE INVESTIMENTO IMOBILIÁRIO;28.737.771/0001-85
ANCR11B;FUNDO DE INVESTIMENTO IMOBILIÁRIO ANCAR IC;07.789.135/0001-27
APTO11;NAVI RESIDENCIAL FUNDO DE INVESTIMENTO IMOBILIÁRIO;42.432.327/0001-82
APXM11;FUNDO DE INVESTIMENTO IMOBILIÁRIO APEX MALLS;43.010.485/0001-07
AROA11;AROEIRA 333 RENDA LOGÍSTICA FUNDO DE INVESTIMENTO IMOBILIÁRIO;44.674.528/0001-11
ARRI11;FUNDO DE INVESTIMENTO IMOBILIÁRIO ÁTRIO REIT RECEBÍVEIS IMOBILIÁRIOS;32.006.821/0001-21
ARXD11;ARX DOVER RECEBÍVEIS FUNDO DE INVESTIMENTO IMOBILIÁRIO;44.527.494/0001-32
ASMT11;ASA METROPOLIS FUNDO DE INVESTIMENTO IMOBILIÁRIO;38.293.921/0001-62
ASRF11;ASA RETROFITS I FUNDO DE INVESTIMENTO IMOBILIÁRIO;45.188.033/0001-45
ATCR11;HAZ FUNDO DE INVESTIMENTO IMOBILIÁRIO;14.631.148/0001-39
ATSA11;HEDGE ATRIUM SHOPPING SANTO ANDRÉ FUNDO DE INVESTIMENTO IMOBILIÁRIO;12.809.972/0001-00
ATWN11;AIRPORT TOWN FUNDO DE INVESTIMENTO IMOBILIÁRIO;27.773.327/0001-52
AURB11;ALIANZA URBAN HUB RENDA FUNDO DE INVESTIMENTO IMOBILIÁRIO;41.076.823/0001-88
BARI11;FUNDO DE INVESTIMENTO IMOBILIÁRIO BARIGUI RENDIMENTOS IMOBILIÁRIOS I FII;29.267.567/0001-00
BBFI11B;BB FUNDO DE INVESTIMENTO IMOBILIÁRIO PROGRESSIVO;07.000.400/0001-46
BBFO11;BB FUNDO DE FUNDOS FUNDO DE INVESTIMENTO IMOBILIÁRIO;37.180.091/0001-02
BBIM11;BB RECEBÍVEIS IMOBILIÁRIOS FUNDO DE INVESTIMENTO IMOBILIÁRIO;20.716.161/0001-93
BBPO11;BB PROGRESSIVO II FUNDO DE INVESTIMENTO IMOBILIÁRIO;14.410.722/0001-29
BBRC11;BB RENDA CORPORATIVA FUNDO DE INVESTIMENTO IMOBILIÁRIO;12.681.340/0001-04
BCFF11;FUNDO DE INVESTIMENTO IMOBILIÁRIO BTG PACTUAL FUNDO DE FUNDOS;11.026.627/0001-38
BCIA11;BRADESCO CARTEIRA IMOBILIÁRIA ATIVA FUNDO DE FUNDOS DE INVESTIMENTO IMOBILIÁRIO;20.216.935/0001-17
BCRI11;BANESTES RECEBÍVEIS IMOBILIÁRIOS FUNDO DE INVESTIMENTO IMOBILIÁRIO;22.219.335/0001-38
BICE11;BRIO CRÉDITO ESTRUTURADO FUNDO DE INVESTIMENTO IMOBILIÁRIO;39.332.032/0001-20
BICR11;INTER TÍTULOS IMOBILIÁRIOS FUNDO DE INVESTIMENTO IMOBILIARIO;34.007.109/0001-72
BIME11;BRIO MULTIESTRATÉGIA FUNDO DE INVESTIMENTO IMOBILIÁRIO;41.081.356/0001-84
BIPD11;BRIO REAL ESTATE IV FUNDO DE INVESTIMENTO IMOBILIÁRIO;42.869.892/0001-01
BLCA11;BLUEMACAW CATUAÍ TRIPLE A FUNDO DE INVESTIMENTO IMOBILIÁRIO;41.076.748/0001-55
BLMC11;BLUEMACAW CRÉDITO IMOBILIÁRIO FUNDO DE INVESTIMENTO IMOBILIÁRIO;38.294.221/0001-92
BLMG11;BLUEMACAW LOGÍSTICA FUNDO DE INVESTIMENTO IMOBILIÁRIO;34.081.637/0001-71
BLMO11;BLUEMACAW OFFICE FUND II FUNDO DE INVESTIMENTO IMOBILIÁRIO;34.895.894/0001-47
BLMR11;BLUEMACAW RENDA+ FOF FUNDO DE INVESTIMENTO IMOBILIÁRIO;36.368.869/0001-30
BLUR11;FUNDO DE INVESTIMENTO IMOBILIÁRIO BLUE RECEBÍVEIS IMOBILIÁRIOS;38.051.307/0001-94
BMII11;FUNDO BRASÍLIO MACHADO DE INVESTIMENTO IMOBILIÁRIO;02.027.437/0001-44
BMLC11;FUNDO DE INVESTIMENTO IMOBILIÁRIO BM BRASCAN LAJES CORPORATIVAS;14.376.247/0001-11
BNFS11;BANRISUL NOVAS FRONTEIRAS FUNDO DE INVESTIMENTO IMOBILIÁRIO;15.570.431/0001-60
BPFF11;FUNDO DE INVESTIMENTO IMOBILIÁRIO BRASIL PLURAL ABSOLUTO FUNDO DE FUNDOS;17.324.357/0001-28
BPLC11;BASÍLICA PARTNERS LED CORPORATE FUNDO DE INVESTIMENTO IMOBILIÁRIO;28.267.555/0001-13
BPML11;FUNDO DE INVESTIMENTO IMOBILIÁRIO BTG PACTUAL SHOPPINGS;33.046.142/0001-49
BPRP11;FUNDO DE INVESTIMENTO IMOBILIÁRIO BRLPROP;29.800.650/0001-01
BRCO11;BRESCO LOGÍSTICA FUNDO DE INVESTIMENTO IMOBILIÁRIO;20.748.515/0001-81
BRCR11;FUNDO DE INVESTIMENTO IMOBILIÁRIO BTG PACTUAL CORPORATE OFFICE FUND;08.924.783/0001-01
BREV11;BRAZIL REAL ESTATE VICTORY FUND I FUNDO DE INVESTIMENTO IMOBILIÁRIO;26.195.121/0001-20
BRHT11B;FUNDO DE INVESTIMENTO IMOBILIÁRIO BR HOTÉIS;15.461.076/0001-91
BRIM11;BRIO REAL ESTATE II FUNDO DE INVESTIMENTO IMOBILIÁRIO;23.964.843/0001-03
BRIP11;BRIO REAL ESTATE III FUNDO DE INVESTIMENTO IMOBILIÁRIO;34.895.752/0001-80
BRIX11;BRIX FUNDO DE INVESTIMENTO IMOBILIÁRIO;35.360.651/0001-77
BRLA11;FUNDO DE INVESTIMENTO IMOBILIÁRIO BRL PROP II;35.652.278/0001-28
BROF11;BRPR CORPORATE OFFICES FUNDO DE INVESTIMENTO IMOBILIÁRIO;48.978.859/0001-04
BRSE11;BR7 SENADO FUNDO DE INVESTIMENTO IMOBILIÁRIO;40.944.736/0001-32
BTAL11;FUNDO DE INVESTIMENTO IMOBILIÁRIO BTG PACTUAL AGRO LOGÍSTICA;36.642.244/0001-15
BTCI11;FUNDO DE INVESTIMENTO IMOBILIÁRIO BTG PACTUAL CRÉDITO IMOBILIÁRIO;09.552.812/0001-14
BTLG11;BTG PACTUAL LOGÍSTICA FUNDO DE INVESTIMENTO IMOBILIÁRIO;11.839.593/0001-09
BTRA11;FUNDO DE INVESTIMENTO IMOBILIÁRIO BTG PACTUAL TERRAS AGRÍCOLAS;41.076.607/0001-32
BTSG11;BTSP I FUNDO DE INVESTIMENTO IMOBILIÁRIO;36.098.375/0001-83
BTSI11;BTSP II FUNDO DE INVESTIMENTO IMOBILIÁRIO;36.930.464/0001-44
BTWR11;BTOWERS FUNDO DE INVESTIMENTO IMOBILIÁRIO;20.132.453/0001-89
BVAR11;FUNDO DE INVESTIMENTO IMOBILIÁRIO BRASIL VAREJO;21.126.204/0001-43
BZEL11;BARZEL FUNDO DE INVESTIMENTO IMOBILIÁRIO;35.507.610/0001-60
BZLI11;BRAZIL REALTY FUNDO DE INVESTIMENTO IMOBILIÁRIO;14.074.706/0001-02
CACR11;CARTESIA RECEBÍVEIS IMOBILIÁRIOS FUNDO DE INVESTIMENTO IMOBILIÁRIO;32.065.364/0001-46
CARE11;BRAZILIAN GRAVEYARD AND DEATH CARE SERVICES FUNDO DE INVESTIMENTO IMOBILIÁRIO;13.584.584/0001-31
CBOP11;CASTELLO BRANCO OFFICE PARK FUNDO DE INVESTIMENTO IMOBILIÁRIO;17.144.039/0001-85
CCLB11;FUNDO DE INVESTIMENTO IMOBILIÁRIO CENTRAL LEBLON;45.777.347/0001-83
CCME11;CANUMA CAPITAL MULTIESTRATÉGIA FUNDO DE INVESTIMENTO IMOBILIÁRIO;43.010.844/0001-26
CCRF11;RBR CRI FUNDO DE INVESTIMENTO IMOBILIÁRIO;40.011.268/0001-43
CEOC11;FUNDO DE INVESTIMENTO IMOBILIÁRIO CEO CYRELA COMMERCIAL PROPERTIES;15.799.397/0001-09
CFHI11;CF2 FUNDO DE INVESTIMENTO IMOBILIÁRIO;34.508.923/0001-70
CFII11;CF3 FUNDO DE INVESTIMENTO IMOBILIÁRIO;41.325.993/0001-59
CIXR11;CIX RENDIMENTO FUNDO DE INVESTIMENTO IMOBILIÁRIO;47.086.230/0001-89
CJCT11;CIDADE JARDIM CONTINENTAL TOWER FUNDO DE INVESTIMENTO IMOBILIÁRIO;10.347.985/0001-80
CJFI11;FUNDO DE INVESTIMENTO IMOBILIÁRIO CJ;23.582.914/0001-03
CNES11;FUNDO DE INVESTIMENTO IMOBILIÁRIO FII CENESP;13.551.286/0001-45
COPP11;CORPORATE OFFICE PROPERTIES FUNDO DE INVESTIMENTO IMOBILIÁRIO;48.916.699/0001-60
CPFF11;CAPITÂNIA REIT FOF FUNDO DE INVESTIMENTO IMOBILIÁRIO;34.081.611/0001-23
CPFO11;CAPITÂNIA REIT FOF FUNDO DE INVESTIMENTO IMOBILIÁRIO II;48.916.246/0001-34
CPSH11;CAPITÂNIA SHOPPINGS FUNDO DE INVESTIMENTO IMOBILIÁRIO;47.896.665/0001-99
CPTS11;CAPITÂNIA SECURITIES II FUNDO DE INVESTIMENTO IMOBILIÁRIO;18.979.895/0001-13
CRFF11;CAIXA RIO BRAVO FUNDO DE FUNDOS DE INVESTIMENTO IMOBILIÁRIO II;31.887.401/0001-39
CSMC11;COSMIC FUNDO DE INVESTIMENTO IMOBILIARIO;41.081.336/0001-03
CTXT11;FUNDO DE INVESTIMENTO IMOBILIÁRIO CENTRO TÊXTIL INTERNACIONAL;00.762.723/0001-28
CVBI11;FUNDO DE INVESTIMENTO IMOBILIÁRIO VBI CRI;28.729.197/0001-13
CVPR11;CVPAR FUNDO DE INVESTIMENTO IMOBILIÁRIO DE CRI;38.294.329/0001-85
CXAG11;FUNDO DE INVESTIMENTO IMOBILIÁRIO CAIXA AGÊNCIAS;40.189.596/0001-34
CXCE11B;FUNDO DE INVESTIMENTO IMOBILIÁRIO CAIXA CEDAE;10.991.914/0001-15
CXCI11;FUNDO DE INVESTIMENTO IMOBILIÁRIO CAIXA CARTEIRA IMOBILIÁRIA;42.066.916/0001-94
CXCO11;FUNDO DE INVESTIMENTO IMOBILIÁRIO CAIXA IMÓVEIS CORPORATIVOS;38.658.984/0001-75
CXRI11;CAIXA RIO BRAVO FUNDO DE FUNDOS DE INVESTIMENTO IMOBILIÁRIO;17.098.794/0001-70
CXTL11;FUNDO DE INVESTIMENTO IMOBILIÁRIO CAIXA SEQ LOGÍSTICA RENDA;12.887.506/0001-43
CYCR11;CYRELA CRÉDITO FUNDO DE INVESTIMENTO IMOBILIÁRIO;36.501.233/0001-15
CYLD11;CYRELA DESENVOLVIMENTO LOGÍSTICO FUNDO DE INVESTIMENTO IMOBILIÁRIO;43.010.601/0001-98
DAMT11B;DIAMANTE FUNDO DE INVESTIMENTO IMOBILIÁRIO;26.642.727/0001-66
DEVA11;DEVANT RECEBÍVEIS IMOBILIÁRIOS FUNDO DE INVESTIMENTO IMOBILIÁRIO;37.087.810/0001-37
DLMT11;DEL MONTE AJAX FUNDO DE INVESTIMENTO IMOBILIÁRIO;28.108.193/0001-18
DOVL11B;DOVEL FUNDO DE INVESTIMENTO IMOBILIÁRIO;10.522.648/0001-81
DPRO11;DEVANT PROPERTIES FUNDO DE INVESTIMENTO IMOBILIÁRIO;42.922.127/0001-08
DRIT11B;MULTIGESTÃO RENDA COMERCIAL FUNDO DE INVESTIMENTO IMOBILIÁRIO;10.456.810/0001-00
DVFF11;FUNDO DE INVESTIMENTO IMOBILIÁRIO DEVANT FUNDO DE FUNDOS IMOBILIÁRIOS;39.863.059/0001-49
EDFO11B;FUNDO DE INVESTIMENTO IMOBILIÁRIO EDIFÍCIO OURINVEST;06.175.262/0001-73
EDGA11;FUNDO DE INVESTIMENTO IMOBILIÁRIO EDIFÍCIO GALERIA;15.333.306/0001-37
EGYR11;ENERGY RESORT FUNDO DE INVESTIMENTO IMOBILIÁRIO;36.969.658/0001-53
ELDO11B;FUNDO DE INVESTIMENTO IMOBILIÁRIO ELDORADO;13.022.994/0001-99
EQIR11;EQI RECEBÍVEIS IMOBILIÁRIOS FUNDO DE INVESTIMENTO IMOBILIÁRIO;41.076.380/0001-25
ERCR11;ESTOQUE RESIDENCIAL E COMERCIAL RIO DE JANEIRO FUNDO DE INVESTIMENTO IMOBILIÁRIO;37.266.902/0001-84
ERPA11;EUROPA 105 FUNDO DE INVESTIMENTO IMOBILIÁRIO;31.469.385/0001-64
ESTQ11;FUNDO DE INVESTIMENTO IMOBILIÁRIO POLO ESTOQUE II;18.497.672/0001-10
EURO11;FUNDO DE INVESTIMENTO IMOBILIÁRIO EUROPAR;05.437.916/0001-27
EVBI11;VBI CONSUMO ESSENCIAL FUNDO DE INVESTIMENTO IMOBILIÁRIO;34.691.520/0001-00
EXES11;EXES FUNDO DE INVESTIMENTO IMOBILIÁRIO;41.076.851/0001-03
FAED11;FUNDO DE INVESTIMENTO IMOBILIÁRIO ANHANGUERA EDUCACIONAL;11.179.118/0001-45
FAGL11;FATOR RENDA GALPÃO FUNDO DE INVESTIMENTO IMOBILIÁRIO;29.614.033/0001-03
FAMB11B;FUNDO DE INVESTIMENTO IMOBILIÁRIO EDIFÍCIO ALMIRANTE BARROSO;05.562.312/0001-02
FARU11;FATOR RENDA URBANA FUNDO DE INVESTIMENTO IMOBILIÁRIO;47.240.652/0001-67
FATN11;FUNDO DE INVESTIMENTO IMOBILIÁRIO ATHENA I;30.567.216/0001-02
FCFL11;FUNDO DE INVESTIMENTO IMOBILIÁRIO CAMPUS FARIA LIMA;11.602.654/0001-01
FGPM11;FUNDO DE INVESTIMENTO IMOBILIÁRIO GRAND PLAZA MALL;23.781.227/0001-17
FIGS11;GENERAL SHOPPING ATIVO E RENDA FUNDO DE INVESTIMENTO IMOBILIÁRIO;17.590.518/0001-25
FIIB11;FUNDO DE INVESTIMENTO IMOBILIÁRIO INDUSTRIAL DO BRASIL;14.217.108/0001-45
FIIP11B;RB CAPITAL RENDA I FUNDO DE INVESTIMENTO IMOBILIÁRIO;08.696.175/0001-97
FINF11;FUNDO DE INVESTIMENTO IMOBILIÁRIO INFRA REAL ESTATE;18.369.510/0001-04
FISC11;FUNDO DE INVESTIMENTO IMOBILIÁRIO SC 401;12.804.013/0001-00
FISD11;SÃO DOMINGOS FUNDO DE INVESTIMENTO IMOBILIÁRIO;16.543.270/0001-89
FIVN11;FUNDO DE INVESTIMENTO IMOBILIÁRIO VIDA NOVA;17.854.016/0001-64
FLCR11;FARIA LIMA CAPITAL RECEBÍVEIS IMOBILIÁRIOS I FUNDO DE INVESTIMENTO IMOBILIÁRIO;33.884.145/0001-51
FLMA11;FUNDO DE INVESTIMENTO IMOBILIÁRIO CONTINENTAL SQUARE FARIA LIMA;04.141.645/0001-03
FLRP11;FUNDO DE INVESTIMENTO IMOBILIÁRIO FLORIPA SHOPPING;10.375.382/0001-91
FMOF11;FUNDO DE INVESTIMENTO IMOBILIÁRIO MEMORIAL OFFICE;01.633.741/0001-72
FPAB11;FUNDO DE INVESTIMENTO IMOBILIÁRIO PROJETO ÁGUA BRANCA;03.251.720/0001-18
FPNG11;FUNDO DE INVESTIMENTO IMOBILIÁRIO PEDRA NEGRA RENDA IMOBILIÁRIA;17.161.979/0001-82
FRHY11;FRONTEIRA MULTI FUNDO DE INVESTIMENTO IMOBILIÁRIO;41.251.077/0001-11
FTCE11B;OPPORTUNITY FUNDO DE INVESTIMENTO IMOBILIÁRIO;01.235.622/0001-61
FVPQ11;FUNDO DE INVESTIMENTO IMOBILIÁRIO VIA PARQUE SHOPPING;00.332.266/0001-31
GALG11;FUNDO DE INVESTIMENTO IMOBILIÁRIO GUARDIAN LOGÍSTICA;37.295.919/0001-60
GAME11;FUNDO DE INVESTIMENTO IMOBILIÁRIO GUARDIAN MULTIESTRATÉGIA IMOBILIÁRIA I;41.269.052/0001-45
GCFF11;GALAPAGOS FUNDO DE FUNDOS FUNDO DE INVESTIMENTO IMOBILIÁRIO;35.652.154/0001-42
GCOI11;GALAPAGOS SPECIAL OPORTUNITIES FUNDO DE INVESTIMENTO IMOBILIÁRIO;46.285.299/0001-79
GCRI11;GALAPAGOS RECEBÍVEIS IMOBILIÁRIOS FUNDO DE INVESTIMENTO IMOBILIÁRIO;38.293.897/0001-61
GESE11B;FUNDO DE INVESTIMETO IMOBILIÁRIO GENERAL SEVERIANO;17.007.528/0001-95
GGRC11;GGR COVEPI RENDA FUNDO DE INVESTIMENTO IMOBILIÁRIO;26.614.291/0001-00
GSFI11;GENERAL SHOPPING E OUTLETS DO BRASIL FUNDO DE INVESTIMENTO IMOBILIÁRIO;11.769.604/0001-13
GTLG11;GTIS BRAZIL LOGISTICS FUNDO DE INVESTIMENTO IMOBILIÁRIO;36.200.677/0001-10
GTWR11;FUNDO DE INVESTIMENTO IMOBILIÁRIO GREEN TOWERS;23.740.527/0001-58
GURB11;GENIAL RENDA URBANA FUNDO DE INVESTIMENTO IMOBILIÁRIO;36.501.210/0001-00
GVBI11;FUNDO DE INVESTIMENTO IMOBILIÁRIO VBI GREENPOWER;49.581.652/0001-56
GZIT11;GAZIT MALLS FUNDO DE INVESTIMENTO IMOBILIÁRIO;15.447.108/0001-02
HAAA11;HEDGE AAA FUNDO DE INVESTIMENTO IMOBILIÁRIO;27.445.482/0001-40
HABT11;HABITAT RECEBÍVEIS PULVERIZADOS FUNDO DE INVESTIMENTO IMOBILIÁRIO;30.578.417/0001-05
HBCR11;FUNDO DE INVESTIMENTO IMOBILIÁRIO HBC RENDA URBANA;36.501.159/0001-37
HBRH11;FUNDO DE INVESTIMENTO IMOBILIÁRIO MULTI RENDA URBANA;30.871.698/0001-81
HBTT11;FUNDO DE INVESTIMENTO IMOBILIÁRIO HABITAT I;26.846.202/0001-42
HCHG11;HECTARE RECEBÍVEIS HIGH GRADE FUNDO DE INVESTIMENTO IMOBILIÁRIO;34.508.959/0001-54
HCRI11;FUNDO DE INVESTIMENTO IMOBILIÁRIO HOSPITAL DA CRIANÇA;04.066.582/0001-60
HCST11;HECTARE DESENVOLVIMENTO STUDENT HOUSING FUNDO DE INVESTIMENTO IMOBILIÁRIO;31.152.015/0001-07
HCTR11;HECTARE CE FUNDO DE INVESTIMENTO IMOBILIÁRIO;30.248.180/0001-96
HDEL11;HEDGE DESENVOLVIMENTO LOGÍSTICO FUNDO DE INVESTIMENTO IMOBILIÁRIO;44.514.162/0001-13
HDOF11;HEDGE PALADIN DESIGN OFFICES FUNDO DE INVESTIMENTO IMOBILIÁRIO;35.688.460/0001-39
HFOF11;HEDGE TOP FOFII 3 FUNDO DE INVESTIMENTO IMOBILIÁRIO;18.307.582/0001-19
HGBS11;HEDGE BRASIL SHOPPING FUNDO DE INVESTIMENTO IMOBILIÁRIO;08.431.747/0001-06
HGCR11;CSHG RECEBÍVEIS IMOBILIÁRIOS FUNDO DE INVESTIMENTO IMOBILIÁRIO;11.160.521/0001-22
HGFF11;CSHG IMOBILIÁRIO FOF FUNDO DE INVESTIMENTO IMOBILIÁRIO;32.784.898/0001-22
HGIC11;HGI CRÉDITOS IMOBILIÁRIOS FUNDO DE INVESTIMENTO IMOBILIÁRIO;38.456.508/0001-71
HGLG11;CSHG LOGÍSTICA FUNDO DE INVESTIMENTO IMOBILIÁRIO;11.728.688/0001-47
HGPO11;CSHG PRIME OFFICES FUNDO DE INVESTIMENTO IMOBILIÁRIO;11.260.134/0001-68
HGRE11;CSHG REAL ESTATE FUNDO DE INVESTIMENTO IMOBILIÁRIO;09.072.017/0001-29
HGRS11;CSHG RESIDENCIAL FUNDO DE INVESTIMENTO IMOBILIÁRIO;41.922.239/0001-04
HGRU11;CSHG RENDA URBANA FUNDO DE INVESTIMENTO IMOBILIÁRIO;29.641.226/0001-53
HILG11;HIRE LOG I FUNDO DE INVESTIMENTO IMOBILIÁRIO;34.867.728/0001-37
HLOG11;HEDGE LOGÍSTICA FUNDO DE INVESTIMENTO IMOBILIÁRIO;27.486.542/0001-72
HOFC11;HEDGE OFFICE INCOME FUNDO DE INVESTIMENTO IMOBILIÁRIO;31.894.369/0001-19
HOSI11;FUNDO DE INVESTIMENTO IMOBILIÁRIO HOUSI;34.081.631/0001-02
HPDP11;HEDGE SHOPPING PARQUE DOM PEDRO FUNDO DE INVESTIMENTO IMOBILIÁRIO;35.586.415/0001-73
HRDF11;HEDGE REALTY DEVELOPMENT FUNDO DE INVESTIMENTO IMOBILIÁRIO;16.929.519/0001-99
HREC11;HEDGE RECEBÍVEIS IMOBILIÁRIOS FUNDO DE INVESTIMENTO IMOBILIÁRIO;35.507.262/0001-21
HSAF11;HSI ATIVOS FINANCEIROS FUNDO DE INVESTIMENTO IMOBILIÁRIO;35.360.687/0001-50
HSLG11;HSI LOGÍSTICA FUNDO DE INVESTIMENTO IMOBILIÁRIO;32.903.621/0001-71
HSML11;HSI MALLS FUNDO DE INVESTIMENTO IMOBILIÁRIO;32.892.018/0001-31
HSRE11;HSI RENDA IMOBILIÁRIA FUNDO DE INVESTIMENTO IMOBILIÁRIO;08.098.114/0001-28
HTMX11;FUNDO DE INVESTIMENTO IMOBILIÁRIO HOTEL MAXINVEST;08.706.065/0001-69
HUCG11;FUNDO DE INVESTIMENTO IMOBILIÁRIO HOSPITAL UNIMED CAMPINA GRANDE;39.347.413/0001-82
HUSC11;FUNDO DE INVESTIMENTO IMOBILIÁRIO HOSPITAL UNIMED SUL CAPIXABA;28.851.767/0001-43
HUSI11;HUSI FUNDO DE INVESTIMENTO IMOBILIÁRIO;30.017.492/0001-99
IBCR11;FUNDO DE INVESTIMENTO IMOBILIÁRIO DE CRI INTEGRAL BREI;40.011.251/0001-96
IDFI11;FUNDO DE INVESTIMENTO IMOBILIÁRIO DE UNIDADES AUTÔNOMAS;32.774.914/0001-04
IRDM11;FUNDO DE INVESTIMENTO IMOBILIÁRIO IRIDIUM RECEBÍVEIS IMOBILIÁRIOS;28.830.325/0001-10
IRIM11;IRIDIUM FUNDO DE INVESTIMENTO IMOBILIÁRIO;41.076.564/0001-95
ITIP11;INTER TEVA ÍNDICE DE PAPEL FUNDO DE INVESTIMENTO IMOBILIÁRIO;36.312.772/0001-06
ITIT11;INTER TEVA ÍNDICE DE TIJOLO FUNDO DE INVESTIMENTO IMOBILIÁRIO;36.293.425/0001-83
JASC11;JASC RENDA VAREJO ESSENCIAL FUNDO DE INVESTIMENTO IMOBILIÁRIO;40.886.241/0001-02
JBFO11;JBFO FOF FUNDO DE INVESTIMENTO IMOBILIÁRIO;36.615.915/0001-59
JCDA11;JACARANDÁ I FUNDO DE INVESTIMENTO IMOBILIARIO;31.772.231/0001-47
JCDB11;JACARANDÁ 02 FUNDO DE INVESTIMENTO IMOBILIÁRIO;35.705.542/0001-44
JFLL11;JFL LIVING FUNDO DE INVESTIMENTO IMOBILIÁRIO;36.501.181/0001-87
JPPA11;JPP CAPITAL RECEBÍVEIS IMOBILIÁRIOS FUNDO DE INVESTIMENTO IMOBILIÁRIO;30.982.880/0001-00
JPPC11;JPP CAPITAL FUNDO DE INVESTIMENTO IMOBILIÁRIO;17.216.625/0001-98
JRDM11;FUNDO DE INVESTIMENTO IMOBILIÁRIO SHOPPING JARDIM SUL;14.879.856/0001-93
JSAF11;JS ATIVOS FINANCEIROS FUNDO DE INVESTIMENTO IMOBILIÁRIO;42.085.661/0001-07
JSRE11;JS REAL ESTATE MULTIGESTÃO FUNDO DE INVESTIMENTO IMOBILIÁRIO;13.371.132/0001-71
JTPR11;JT PREV FUNDO DE INVESTIMENTO IMOBILIÁRIO D. HAB;23.876.086/0001-16
KCRE11;KINEA CREDITAS FUNDO DE INVESTIMENTO IMOBILIÁRIO;42.502.802/0001-40
KEVE11;EVEN II KINEA FUNDO DE INVESTIMENTO IMOBILIÁRIO;32.317.313/0001-64
KFOF11;FUNDO DE FUNDOS DE INVESTIMENTO IMOBILIÁRIO KINEA FII;30.091.444/0001-40
KINP11;EVEN PERMUTA KINEA FUNDO DE INVESTIMENTO IMOBILIÁRIO;24.070.076/0001-51
KISU11;KILIMA FUNDO DE INVESTIMENTO EM COTAS DE FUNDOS IMOBILIÁRIOS SUNO 30;36.669.660/0001-07
KIVO11;KILIMA VOLKANO RECEBÍVEIS IMOBILIÁRIOS FUNDO DE INVESTIMENTO IMOBILIÁRIO;42.273.325/0001-98
KNCR11;KINEA RENDIMENTOS IMOBILIÁRIOS FUNDO DE INVESTIMENTO IMOBILIÁRIO;16.706.958/0001-32
KNHF11;KINEA HEDGE FUND FUNDO DE INVESTIMENTO IMOBILIÁRIO;42.754.342/0001-47
KNHY11;KINEA HIGH YIELD CRI FUNDO DE INVESTIMENTO IMOBILIÁRIO;30.130.708/0001-28
KNIP11;KINEA ÍNDICES DE PREÇOS FUNDO DE INVESTIMENTO IMOBILIÁRIO;24.960.430/0001-13
KNPR11;KINEA PREMIUM PROPERTIES FUNDO DE INVESTIMENTO IMOBILIÁRIO;42.737.059/0001-07
KNRE11;KINEA II REAL ESTATE EQUITY FUNDO DE INVESTIMENTO IMOBILIÁRIO;14.423.780/0001-97
KNRI11;KINEA RENDA IMOBILIÁRIA FUNDO DE INVESTIMENTO IMOBILIÁRIO;12.005.956/0001-65
KNSC11;KINEA SECURITIES FUNDO DE INVESTIMENTO IMOBILIÁRIO;35.864.448/0001-38
LASC11;LEGATUS SHOPPINGS FUNDO DE INVESTIMENTO IMOBILIÁRIO;30.248.158/0001-46
LATR11B;LATERES FUNDO DE INVESTIMENTO IMOBILIÁRIO;17.209.378/0001-00
LAVF11;LAVOURA FUNDO DE INVESTIMENTO IMOBILIÁRIO;37.467.733/0001-40
LFTT11;LOFT II FUNDO DE INVESTIMENTO IMOBILIÁRIO;24.796.967/0001-90
LGCP11;LOGCP INTER FUNDO DE INVESTIMENTO IMOBILIÁRIO;34.598.181/0001-11
LIFE11;LIFE CAPITAL PARTNERS FUNDO DE INVESTIMENTOS IMOBILIÁRIO;39.753.295/0001-02
LKDV11;FUNDO DE INVESTIMENTO IMOBILIÁRIO DEVELOPMENT V1;40.102.445/0001-05
LLAO11;BS2 ALLINVESTMENTS FUNDO DE INVESTIMENTO IMOBILIÁRIO;41.218.404/0001-33
LOFT11B;LOFT I FUNDO DE INVESTIMENTO IMOBILIÁRIO;19.722.048/0001-31
LPLP11;LAGO DA PEDRA FUNDO DE INVESTIMENTO IMOBILIÁRIO;37.262.752/0001-30
LRDI11;FUNDO DE INVESTIMENTO IMOBILIÁRIO LEBLON REALTY DESENVOLVIMENTO I;41.088.534/0001-07
LSPA11;LESTE RIVA EQUITY PREFERENCIAL I FUNDO DE INVESTIMENTO IMOBILIÁRIO;31.847.293/0001-70
LUGG11;LUGGO FUNDO DE INVESTIMENTO IMOBILIÁRIO;34.835.191/0001-23
LVBI11;FUNDO DE INVESTIMENTO IMOBILIÁRIO VBI LOGÍSTICO;30.629.603/0001-18
MALL11;MALLS BRASIL PLURAL FUNDO DE INVESTIMENTO IMOBILIÁRIO;26.499.833/0001-32
MANA11;MANATÍ CAPITAL HEDGE FUND FUNDO DE INVESTIMENTO IMOBILIÁRIO;42.888.583/0001-89
MATV11;MORE GESTÃO ATIVA DE RECEBÍVEIS FUNDO DE INVESTIMENTO IMOBILIÁRIO;41.076.678/0001-35
MAXR11;FUNDO DE INVESTIMENTO IMOBILIÁRIO MAX RETAIL;11.274.415/0001-70
MCCI11;FUNDO DE INVESTIMENTO IMOBILIÁRIO MAUÁ CAPITAL RECEBÍVEIS IMOBILIÁRIOS;23.648.935/0001-84
MCHF11;MAUÁ CAPITAL HEDGE FUND FUNDO DE INVESTIMENTO IMOBILIÁRIO;36.642.139/0001-86
MCHY11;FUNDO DE INVESTIMENTO IMOBILIÁRIO MAUÁ HIGH YIELD;36.655.973/0001-06
MFAI11;MÉRITO FUNDOS E AÇÕES IMOBILIÁRIAS FUNDO DE INVESTIMENTO IMOBILIÁRIO;32.397.369/0001-76
MFCR11;MÉRITO RECEBÍVEIS IMOBILIÁRIO FUNDO DE INVESTIMENTO IMOBILIÁRIO;45.403.337/0001-88
MFII11;MÉRITO DESENVOLVIMENTO IMOBILIÁRIO I FUNDO DE INVESTIMENTO IMOBILIÁRIO;16.915.968/0001-88
MGCR11;FUNDO DE INVESTIMENTO IMOBILIÁRIO MOGNO CERTIFICADOS DE RECEBÍVEIS IMOBILIÁRIOS HIGH GRADE;35.652.204/0001-91
MGFF11;FUNDO DE INVESTIMENTO IMOBILIÁRIO MOGNO FUNDO DE FUNDOS;29.216.463/0001-77
MGHT11;FUNDO DE INVESTIMENTO IMOBILIÁRIO MOGNO HOTÉIS;34.197.776/0001-65
MGRI11;MOGNO RENDA URBANA FUNDO DE INVESTIMENTO IMOBILIÁRIO;41.320.997/0001-44
MINT11;FUNDO DE INVESTIMENTO IMOBILIÁRIO MINT EDUCACIONAL;19.872.887/0001-36
MMPD11;FUNDO DE INVESTIMENTO IMOBILIÁRIO MAUÁ CAPITAL MPD DESENVOLVIMENTO RESIDENCIAL;41.080.968/0001-52
MMVE11;MARESIAS FUNDO DE INVESTIMENTO IMOBILIÁRIO;41.251.337/0001-59
MOFF11;MULTIOFFICES 2 FUNDO DE INVESTIMENTO IMOBILIÁRIO;31.508.219/0001-20
MORC11;MORE RECEBÍVEIS IMOBILIÁRIOS FII FUNDO DE INVESTIMENTO IMOBILIÁRIO;40.102.474/0001-69
MORE11;MORE REAL ESTATE FOF FII FUNDO DE INVESTIMENTO IMOBILIÁRIO;34.197.727/0001-22
MTOF11;ALIANZA MULTIOFFICES FUNDO DE INVESTIMENTO IMOBILIÁRIO;22.862.226/0001-34
MVFI11;FUNDO DE INVESTIMENTO IMOBILIÁRIO MV9;23.537.203/0001-17
MXRF11;MAXI RENDA FUNDO DE INVESTIMENTO IMOBILIÁRIO;97.521.225/0001-25
NAVT11;NAVI IMOBILIÁRIO TOTAL RETURN FUNDO DE INVESTIMENTO IMOBILIÁRIO;35.652.252/0001-80
NCHB11;FUNDO DE INVESTIMENTO IMOBILIÁRIO NCH BRASIL RECEBÍVEIS IMOBILIÁRIOS;18.085.673/0001-57
NCRI11;NAVI CRÉDITO IMOBILIÁRIO FUNDO DE INVESTIMENTO IMOBILIÁRIO;40.041.603/0001-56
NEWL11;NEWPORT LOGÍSTICA FUNDO DE INVESTIMENTO IMOBILIÁRIO;32.527.626/0001-47
NEWU11;NEWPORT RENDA URBANA FUNDO DE INVESTIMENTO IMOBILIÁRIO;14.793.782/0001-78
NSLU11;FUNDO DE INVESTIMENTO IMOBILIÁRIO HOSPITAL NOSSA SENHORA DE LOURDES;08.014.513/0001-63
NVHO11;FUNDO DE INVESTIMENTO IMOBILIÁRIO NOVO HORIZONTE;17.025.970/0001-44
NVIF11B;NOVA I FUNDO DE INVESTIMENTO IMOBILIÁRIO;22.003.469/0001-17
OGHY11;ÓRAMA HIGH YIELD FUNDO DE INVESTIMENTO IMOBILIÁRIO;47.240.631/0001-41
ONEF11;FUNDO DE INVESTIMENTO IMOBILIÁRIO THE ONE;12.948.291/0001-23
OUFF11;FUNDO DE INVESTIMENTO IMOBILIÁRIO OURINVEST FUNDO DE FUNDOS;30.791.386/0001-68
OUJP11;OURINVEST JPP FUNDO DE INVESTIMENTO IMOBILIÁRIO;26.091.656/0001-50
OULG11;FUNDO DE INVESTIMENTO IMOBILIÁRIO OURINVEST LOGÍSTICA;13.974.819/0001-00
OURE11;FUNDO DE INVESTIMENTO IMOBILIÁRIO OURINVEST RENDA ESTRUTURADA;28.516.650/0001-03
PABY11;FUNDO DE INVESTIMENTO IMOBILIÁRIO PANAMBY;00.613.094/0001-74
PATB11;FUNDO DE INVESTIMENTO IMOBILIÁRIO PATEO BANDEIRANTES;14.788.492/0001-36
PATC11;PÁTRIA EDIFÍCIOS CORPORATIVOS FUNDO DE INVESTIMENTO IMOBILIÁRIO;30.048.651/0001-12
PATL11;PÁTRIA LOGÍSTICA FUNDO DE INVESTIMENTO IMOBILIÁRIO;35.754.164/0001-99
PBLV11;PROLOGIS BRAZIL LOGISTICS VENTURE FUNDO DE INVESTIMENTO IMOBILIÁRIO;31.962.875/0001-06
PCAS11;PRAIA DO CASTELO FUNDO DE INVESTIMENTO IMOBILIÁRIO;24.514.406/0001-50
PEMA11;PERFORMA REAL ESTATE FUNDO DE INVESTIMENTO IMOBILIÁRIO;34.736.510/0001-43
PLCR11;PLURAL RECEBÍVEIS IMOBILIÁRIOS FUNDO DE INVESTIMENTO IMOBILIÁRIO;32.527.683/0001-26
PLOG11;PLURAL LOGÍSTICA FUNDO DE INVESTIMENTO IMOBILIÁRIO;36.501.198/0001-34
PLRI11;POLO FII RECEBÍVEIS IMOBILIÁRIOS I;14.080.689/0001-16
PNDL11;PANORAMA DESENVOLVIMENTO LOGÍSTICO FUNDO DE INVESTIMENTO IMOBILIÁRIO;37.899.400/0001-90
PNLN11;PANORAMA LAST MILE SBC FUNDO DE INVESTIMENTO IMOBILIÁRIO;40.887.170/0001-54
PNPR11;PANORAMA PROPERTIES FUNDO DE INVESTIMENTO IMOBILIÁRIO;26.813.118/0001-22
PNRC11;PANORAMA REAL ESTATE CRÉDITO FUNDO DE INVESTIMENTO IMOBILIÁRIO;46.157.348/0001-98
PORD11;POLO CRÉDITO IMOBILIÁRIO FUNDO DE INVESTIMENTO IMOBILIÁRIO;17.156.502/0001-09
PQAG11;PARQUE ANHANGUERA FUNDO DE INVESTIMENTO IMOBILIÁRIO;12.978.943/0001-72
PQDP11;FUNDO DE INVESTIMENTO IMOBILIÁRIO PARQUE DOM PEDRO SHOPPING CENTER;10.869.155/0001-12
PRSN11B;PERSONALE I FUNDO DE INVESTIMENTO IMOBILIÁRIO;14.056.001/0001-62
PRSV11;PRESIDENTE VARGAS FUNDO DE INVESTIMENTO IMOBILIÁRIO;11.281.322/0001-72
PRZS11;PRAZO FUNDO DE INVESTIMENTO IMOBILIÁRIO;30.258.790/0001-70
PVBI11;FUNDO DE INVESTIMENTO IMOBILIÁRIO VBI PRIME PROPERTIES;35.652.102/0001-76
QAGR11;QUASAR AGRO FUNDO DE INVESTIMENTO IMOBILIÁRIO;32.754.734/0001-52
QAMI11;QUASAR CRÉDITO IMOBILIÁRIO FUNDO DE INVESTIMENTO IMOBILIÁRIO;32.400.264/0001-29
RBDS11;RB CAPITAL DESENVOLVIMENTO RESIDENCIAL II FUNDO DE INVESTIMENTO IMOBILIÁRIO;11.945.604/0001-27
RBED11;FUNDO DE INVESTIMENTO IMOBILIÁRIO RIO BRAVO RENDA EDUCACIONAL;13.873.457/0001-52
RBFF11;RIO BRAVO FUNDO DE FUNDOS DE INVESTIMENTO IMOBILIÁRIO;17.329.029/0001-14
RBHG11;RIO BRAVO CRÉDITO IMOBILIÁRIO HIGH GRADE FUNDO DE INVESTIMENTO IMOBILIÁRIO;30.647.758/0001-87
RBHY11;RIO BRAVO CRÉDITO IMOBILIÁRIO HIGH YIELD FUNDO DE INVESTIMENTO IMOBILIÁRIO;37.899.479/0001-50
RBIR11;RB CAPITAL DESENVOLVIMENTO RESIDENCIAL IV FUNDO DE INVESTIMENTO IMOBILIÁRIO;31.161.410/0001-48
RBLG11;RB CAPITAL LOGÍSTICO FUNDO DE INVESTIMENTO IMOBILIÁRIO;35.652.227/0001-04
RBOP11;FUNDO DE INVESTIMENTO IMOBILIÁRIO RIO BRAVO OPORTUNIDADES IMOBILIÁRIAS;13.500.306/0001-59
RBRD11;RB CAPITAL RENDA II FUNDO DE INVESTIMENTO IMOBILIÁRIO;09.006.914/0001-34
RBRF11;RBR ALPHA MULTIESTRATÉGIA REAL ESTATE FUNDO DE INVESTIMENTO IMOBILIÁRIO;27.529.279/0001-51
RBRI11;FUNDO DE INVESTIMENTO IMOBILIÁRIO RBR DESENVOLVIMENTO III;32.441.656/0001-36
RBRL11;RBR LOG FUNDO DE INVESTIMENTO IMOBILIÁRIO;35.705.463/0001-33
RBRM11;FUNDO DE INVESTIMENTO IMOBILIÁRIO RBR DESENVOLVIMENTO;26.314.437/0001-93
RBRP11;FUNDO DE INVESTIMENTO IMOBILIÁRIO RBR PROPERTIES;21.408.063/0001-51
RBRR11;FUNDO DE INVESTIMENTO IMOBILIÁRIO RBR RENDIMENTO HIGH GRADE;29.467.977/0001-03
RBRS11;FUNDO DE INVESTIMENTO IMOBILIÁRIO RIO BRAVO RENDA RESIDENCIAL;36.517.660/0001-91
RBRX11;RBR PLUS MULTIESTRATÉGIA REAL ESTATE FUNDO DE INVESTIMENTO IMOBILIÁRIO;41.088.458/0001-21
RBRY11;FUNDO DE INVESTIMENTO IMOBILIÁRIO RBR CRÉDITO IMOBILIÁRIO ESTRUTURADO;30.166.700/0001-11
RBTS11;RB CAPITAL TFO SITUS FUNDO DE INVESTIMENTO IMOBILIÁRIO;29.299.737/0001-39
RBVA11;FUNDO DE INVESTIMENTO IMOBILIÁRIO RIO BRAVO RENDA VAREJO;15.576.907/0001-70
RBVO11;RIO BRAVO CRÉDITO IMOBILIÁRIO II FUNDO DE INVESTIMENTO IMOBILIÁRIO;15.769.670/0001-44
RCFA11;GRUPO RCFA FUNDO DE INVESTIMENTO IMOBILIÁRIO;27.771.586/0001-44
RCFF11;RBR DESENVOLVIMENTO COMERCIAL FEEDER FOF FUNDO DE INVESTIMENTO IMOBILIÁRIO;35.689.670/0001-41
RCKF11;ROCK FUNDO DE INVESTIMENTO IMOBILIÁRIO;43.010.139/0001-29
RCRB11;FUNDO DE INVESTIMENTO IMOBILIÁRIO RIO BRAVO RENDA CORPORATIVA;03.683.056/0001-86
RDPD11;BB RENDA DE PAPÉIS IMOBILIÁRIOS II FUNDO DE INVESTIMENTO IMOBILIÁRIO;23.120.027/0001-13
RECR11;FUNDO DE INVESTIMENTO IMOBILIÁRIO REC RECEBÍVEIS IMOBILIÁRIOS;28.152.272/0001-26
RECT11;FUNDO DE INVESTIMENTO IMOBILIÁRIO REC RENDA IMOBILIÁRIA;32.274.163/0001-59
RECX11;FUNDO DE INVESTIMENTO IMOBILIÁRIO REC FUNDO DE FUNDOS;36.642.356/0001-76
REIT11;SINGULARE FUNDO DE INVESTIMENTO IMOBILIÁRIO;16.841.067/0001-99
RELG11;FUNDO DE INVESTIMENTO IMOBILIÁRIO REC LOGÍSTICA;37.112.770/0001-36
REON11;RESIDENCIAIS ONE FUNDO DE INVESTIMENTO IMOBILIÁRIO;20.173.064/0001-00
RFOF11;FUNDO DE INVESTIMENTO IMOBILIÁRIO RB CAPITAL I FUNDO DE FUNDOS;34.027.774/0001-28
RINV11;REAL INVESTOR FUNDO DE INVESTIMENTO IMOBILIÁRIO;44.625.612/0001-45
RMAI11;REAG MULTI ATIVOS IMOBILIÁRIOS FUNDO DE INVESTIMENTO IMOBILIÁRIO;17.374.696/0001-19
RNDP11;BB RENDA DE PAPÉIS IMOBILIÁRIOS FUNDO DE INVESTIMENTO IMOBILIÁRIO;15.394.563/0001-89
RNGO11;FUNDO DE INVESTIMENTO IMOBILIÁRIO RIO NEGRO;15.006.286/0001-90
ROOF11;FUNDO DE INVESTIMENTO IMOBILIÁRIO ROOFTOP I;38.456.598/0001-09
RPRI11;RBR PREMIUM RECEBÍVEIS IMOBILIÁRIOS FUNDO DE INVESTIMENTO IMOBILIÁRIO;42.502.842/0001-91
RRCI11;RB CAPITAL RECEBÍVEIS IMOBILIÁRIOS FUNDO DE INVESTIMENTO IMOBILIÁRIO;35.689.733/0001-60
RSPD11;RB CAPITAL DESENVOLVIMENTO RESIDENCIAL III FUNDO DE INVESTIMENTO IMOBILIÁRIO;19.249.989/0001-08
RVBI11;VBI REITS FOF FUNDO DE INVESTIMENTO IMOBILIÁRIO;35.507.457/0001-71
RZAK11;RIZA AKIN FUNDO DE INVESTIMENTO IMOBILIÁRIO;36.642.219/0001-31
RZAT11;RIZA ARCTIUM REAL ESTATE FUNDO INVESTIMENTO IMOBILIÁRIO;28.267.696/0001-36
RZDM11;RIZA DOMUS MULTIESTRATÉGIA FUNDO DE INVESTIMENTO IMOBILIÁRIO;45.742.247/0001-11
RZTR11;FUNDO DE INVESTIMENTO IMOBILIÁRIO RIZA TERRAX;36.501.128/0001-86
SACL11;SÃO CARLOS RENDA IMOBILIÁRIA FUNDO DE INVESTIMENTO IMOBILIÁRIO;41.833.927/0001-90
SADI11;SANTANDER PAPÉIS IMOBILIÁRIOS CDI FUNDO DE INVESTIMENTO IMOBILIÁRIO;32.903.521/0001-45
SAIC11B;FUNDO DE INVESTIMENTO IMOBILIÁRIO SIA CORPORATE;17.311.079/0001-74
SALI11;VÊNUS FUNDO DE INVESTIMENTO IMOBILIÁRIO;36.669.535/0001-05
SARE11;SANTANDER RENDA DE ALUGUÉIS FUNDO DE INVESTIMENTO IMOBILIÁRIO;32.903.702/0001-71
SBCL11;FRAM CAPITAL SBCLOG FUNDO DE INVESTIMENTO IMOBILIÁRIO;34.471.719/0001-22
SCPF11;SCP FUNDO DE INVESTIMENTO IMOBILIÁRIO;01.657.856/0001-05
SDIL11;FUNDO DE INVESTIMENTO IMOBILIÁRIO SDI RIO BRAVO RENDA LOGÍSTICA;16.671.412/0001-93
SEED11;HEDGE SEED FUNDO DE INVESTIMENTO IMOBILIÁRIO;35.689.497/0001-81
SEQR11;SEQUÓIA III RENDA IMOBILIÁRIA FUNDO DE INVESTIMENTO IMOBILIÁRIO;09.517.273/0001-82
SFND11;FUNDO DE INVESTIMENTO IMOBILIÁRIO SÃO FERNANDO;09.350.920/0001-04
SHDP11B;FUNDO DE INVESTIMENTO IMOBILIÁRIO SHOPPING PARQUE D PEDRO;07.224.019/0001-60
SHOP11;MULTI SHOPPINGS FUNDO DE INVESTIMENTO IMOBILIÁRIO;22.459.737/0001-00
SHPH11;FUNDO DE INVESTIMENTO IMOBILIÁRIO SHOPPING PÁTIO HIGIENÓPOLIS;03.507.519/0001-59
SHSO11;SH SPECIAL OPPS FUNDO DE INVESTIMENTO IMOBILIÁRIO;44.527.168/0001-25
SIGR11;SIG CAPITAL RECEBÍVEIS PULVERIZADOS FUNDO DE INVESTIMENTO IMOBILIÁRIO;40.011.324/0001-40
SJAU11;SJ AU LOGÍSTICA FUNDO DE INVESTIMENTO IMOBILIÁRIO;27.771.547/0001-47
SNCI11;SUNO RECEBÍVEIS IMOBILIÁRIOS FUNDO DE INVESTIMENTO IMOBILIÁRIO;41.076.710/0001-82
SNEL11;SUNO ENERGIAS LIMPAS FUNDO DE INVESTIMENTO IMOBILIÁRIO;43.741.171/0001-84
SNFF11;SUNO FUNDO DE FUNDOS DE INVESTIMENTO IMOBILIÁRIO;40.011.225/0001-68
SNLG11;SUNO LOG FUNDO DE INVESTIMENTO IMOBILIÁRIO;40.041.711/0001-29
SOLR11;SOLARIUM FUNDO DE INVESTIMENTO IMOBILIÁRIO;22.169.671/0001-13
SPAF11;SPA FUNDO DE INVESTIMENTO IMOBILIÁRIO;18.311.024/0001-27
SPDE11;WHG FINVEST SP REALTY FUNDO DE INVESTIMENTO IMOBILIÁRIO;43.741.150/0001-69
SPMO11;SUPREMO FUNDO DE INVESTIMENTO IMOBILIÁRIO;40.225.262/0001-79
SPTW11;SP DOWNTOWN FUNDO DE INVESTIMENTO IMOBILIÁRIO;15.538.445/0001-05
SPVJ11;FUNDO DE INVESTIMENTO IMOBILIÁRIO SUCCESPAR VAREJO;27.538.422/0001-71
SPXS11;FUNDO DE INVESTIMENTO IMOBILIÁRIO SPX SYN MULTIESTRATÉGIA;43.010.543/0001-00
SRVD11;SERRA VERDE FUNDO DE INVESTIMENTO IMOBILIÁRIO;38.082.796/0001-41
STRX11;STARX FUNDO DE INVESTIMENTO IMOBILIÁRIO;11.044.355/0001-07
TCIN11;G5 CIDADE NOVA FUNDO DE INVESTIMENTO IMOBILIÁRIO;34.197.700/0001-30
TCPF11;TREECORP REAL ESTATE FUNDO DE INVESTIMENTO IMOBILIÁRIO;26.990.011/0001-50
TELD11;TELLUS DESENVOLVIMENTO LOGÍSTICO FUNDO DE INVESTIMENTO IMOBILIÁRIO;36.200.701/0001-11
TELM11;TELLUS MULTIESTRATÉGIA FUNDO DE INVESTIMENTO IMOBILIÁRIO;45.188.099/0001-35
TEPP11;TELLUS PROPERTIES FUNDO DE INVESTIMENTO IMOBILIÁRIO;26.681.370/0001-25
TGAR11;FUNDO DE INVESTIMENTO IMOBILIÁRIO TG ATIVO REAL;25.032.881/0001-53
TJKB11;TJK RENDA IMOBILIÁRIA FUNDO DE INVESTIMENTO IMOBILIÁRIO;39.714.024/0001-48
TORD11;TORDESILHAS EI FUNDO DE INVESTIMENTO IMOBILIÁRIO;30.230.870/0001-18
TRNT11;FUNDO DE INVESTIMENTO IMOBILIÁRIO TORRE NORTE;04.722.883/0001-02
TRXB11;TRX REAL ESTATE II FUNDO DE INVESTIMENTO IMOBILIÁRIO;36.368.925/0001-37
TRXF11;TRX REAL ESTATE FUNDO DE INVESTIMENTO IMOBILIÁRIO;28.548.288/0001-52
TSER11;TISHMAN SPEYER RENDA CORPORATIVA FUNDO DE INVESTIMENTO IMOBILIÁRIO;34.847.042/0001-84
TSNC11;TRANSINC FUNDO DE INVESTIMENTO IMOBILIÁRIO;17.007.443/0001-07
URPR11;URCA PRIME RENDA FUNDO DE INVESTIMENTO IMOBILIÁRIO;34.508.872/0001-87
VCJR11;VECTIS JUROS REAL FUNDO DE INVESTIMENTO IMOBILIÁRIO;32.400.250/0001-05
VCRI11;VINCI CREDIT SECURITIES FUNDO DE INVESTIMENTO IMOBILIÁRIO;41.081.374/0001-66
VCRR11;VECTIS RENDA RESIDENCIAL FUNDO DE INVESTIMENTO IMOBILIÁRIO;40.041.723/0001-53
VDSV11;VIC DESENVOLVIMENTO VINTAGE 22/23 FUNDO DE INVESTIMENTO IMOBILIÁRIO;43.951.875/0001-81
VERE11;FUNDO DE INVESTIMENTO IMOBILIÁRIO VEREDA;08.693.497/0001-82
VGHF11;VALORA HEDGE FUND FUNDO DE INVESTIMENTO IMOBILIÁRIO;36.771.692/0001-19
VGIP11;VALORA CRI ÍNDICE DE PREÇO FUNDO DE INVESTIMENTO IMOBILIÁRIO;34.197.811/0001-46
VGIR11;VALORA CRI CDI FUNDO DE INVESTIMENTO IMOBILIARIO;29.852.732/0001-91
VIDS11;VIC DESENVOLVIMENTO VINTAGE 20/21 FUNDO DE INVESTIMENTO IMOBILIÁRIO;32.527.552/0001-49
VIFI11;VINCI INSTRUMENTOS FINANCEIROS FUNDO DE INVESTIMENTO IMOBILIÁRIO;31.547.855/0001-60
VILG11;VINCI LOGÍSTICA FUNDO DE INVESTIMENTO IMOBILIÁRIO;24.853.044/0001-22
VINO11;VINCI OFFICES FUNDO DE INVESTIMENTO IMOBILIÁRIO;12.516.185/0001-70
VISC11;VINCI SHOPPING CENTERS FUNDO DE INVESTIMENTO IMOBILIÁRIO;17.554.274/0001-25
VIUR11;VINCI IMÓVEIS URBANOS FUNDO DE INVESTIMENTO IMOBILIÁRIO;36.445.587/0001-90
VJFD11;JFDCAM FUNDO DE INVESTIMENTO IMOBILIÁRIO;15.489.509/0001-17
VLJS11;VECTOR QUELUZ LAJES CORPORATIVAS FUNDO DE INVESTIMENTO IMOBILIÁRIO;13.842.683/0001-76
VLOL11;FUNDO DE INVESTIMENTO IMOBILIÁRIO VILA OLÍMPIA CORPORATE;15.296.696/0001-12
VOTS11;VOTORANTIM SECURITIES MASTER FUNDO DE INVESTIMENTO IMOBILIÁRIO;17.870.926/0001-30
VPSI11;FUNDO DE INVESTIMENTO IMOBILIÁRIO POLO SHOPPING INDAIATUBA;14.721.889/0001-00
VRTA11;FATOR VERITÀ FUNDO DE INVESTIMENTO IMOBILIÁRIO;11.664.201/0001-00
VSEC11;FUNDO DE INVESTIMENTO IMOBILIÁRIO VOTORANTIM SECURITIES;10.347.505/0001-80
VSHO11;FUNDO DE INVESTIMENTO IMOBILIÁRIO VOTORANTIM SHOPPING;23.740.595/0001-17
VSLH11;VERSALHES RECEBÍVEIS IMOBILIÁRIOS FUNDO DE INVESTIMENTO IMOBILIÁRIO;36.244.015/0001-42
VTLT11;FUNDO DE INVESTIMENTO IMOBILIÁRIO VOTORANTIM LOGÍSTICA;27.368.600/0001-63
VTPA11;FUNDO DE INVESTIMENTO IMOBILIÁRIO VOTORANTIM PATRIMONIAL V;21.500.481/0001-74
VTVI11;PARKING PARTNERS FUNDO DE INVESTIMENTO IMOBILIÁRIO;21.500.514/0001-86
VTXI11;FUNDO DE INVESTIMENTO IMOBILIÁRIO VOTORANTIM PATRIMONIAL XII;23.740.552/0001-31
VVPR11;FUNDO DE INVESTIMENTO IMOBILIÁRIO V2 PROPERTIES;33.045.581/0001-37
VXXV11;GENESIS MULTIESTRATÉGIA FUNDO DE INVESTIMENTO IMOBILIÁRIO;30.982.974/0001-89
WHGR11;WHG REAL ESTATE FUNDO DE INVESTIMENTO IMOBILIÁRIO;41.256.643/0001-88
WPLZ11;SHOPPING WEST PLAZA FUNDO DE INVESTIMENTO IMOBILIÁRIO;09.326.861/0001-39
WSEC11;WARREN SECURITIES FUNDO DE INVESTIMENTO IMOBILIÁRIO;43.440.579/0001-16
WTSP11B;FUNDO DE INVESTIMENTO IMOBILIÁRIO OURINVEST RE I;28.693.595/0001-27
XBXO11;R CAP 1810 FUNDO DE FUNDOS FUNDO DE INVESTIMENTO IMOBILIÁRIO;36.814.809/0001-02
XPCI11;XP CRÉDITO IMOBILIÁRIO FUNDO DE INVESTIMENTO IMOBILIÁRIO;28.516.301/0001-91
XPCM11;XP CORPORATE MACAÉ FUNDO DE INVESTIMENTO IMOBILIÁRIO;16.802.320/0001-03
XPHT11;XP HOTÉIS FUNDO DE INVESTIMENTO IMOBILIÁRIO;18.308.516/0001-63
XPIN11;XP INDUSTRIAL FUNDO DE INVESTIMENTO IMOBILIÁRIO;28.516.325/0001-40
XPLG11;XP LOG FUNDO DE INVESTIMENTO IMOBILIÁRIO;26.502.794/0001-85
XPML11;XP MALLS FUNDO DE INVESTIMENTO IMOBILIÁRIO;28.757.546/0001-00
XPPR11;XP PROPERTIES FUNDO DE INVESTIMENTO IMOBILIÁRIO;30.654.849/0001-40
XPSF11;XP SELECTION FUNDO DE FUNDOS DE INVESTIMENTO IMOBILIÁRIO;30.983.020/0001-90
YUFI11;YUCA FUNDO DE INVESTIMENTO IMOBILIÁRIO;36.445.551/0001-06
ZAVI11;ZAVIT REAL ESTATE FUND FUNDO DE INVESTIMENTO IMOBILIÁRIO;40.575.940/0001-23
ZIFI11;ZION CAPITAL FUNDO DE INVESTIMENTO IMOBILIÁRIO;35.820.768/0001-96
GARE11;FUNDO DE INVESTIMENTO IMOBILIÁRIO GUARDIAN REAL ESTATE;37.295.919/0001-60
BDIF11;BTG PACTUAL DÍVIDA INFRA FIC. FDO. INC. IE. RF. CP;40.502.607/0001-94
BIDB11;INTER INFRA FIC INFRA RENDA FIXA CRÉDITO PRIVADO;42.294.971/0001-31
BINC11;BRADESCO FIC DE FI FIN RF INV IE CDI RF CP RES LIM;55.239.865/0001-05
BODB11;BOCAINA INFRA - FDO INV COTAS FDO INV INFRA RF CP;41.771.670/0001-99
CDII11;SPARTA INFRA CDI FIC FI INFRA RENDA FIXA CP;48.973.783/0001-16
CPTI11;CAPITÂNIA INFRA FDO. INV. FDO. IE. RF. CRED. PRIV.;38.065.012/0001-77
DIVS11;SPARTA INFRA INFLAÇÃO LONGA FI COTAS FI INFRA E RE;58.390.457/0001-30
EXIF11;ÉXES FIC FI INFRA RENDA FIXA PRIVADO LONGO PRAZO;54.803.944/0001-26
IFRA11;ITAÚ FIF - CIC FIF INCEN EM INFRA RF CRED PRIV - R;34.633.510/0001-18
IFRI11;ITAÚ FIC FI INVEST FINAN INFRA CDI RF CRED PRIV;53.556.099/0001-79
INFB11;DRYS FDO INV EM COTAS DE FDO INC DE INV INFRA RF;54.810.341/0001-51
IRIF11;IRIDIUM INFRA FUN DE INV EM COTAS DE FUN INCENT;55.940.336/0001-26
JMBI11;JIVEMAUÁ BOSSANOVA F. DE IN. EM C. DE F. INC.;55.276.939/0001-75
JURO11;SPARTA INFRA FIC FI INFRA RENDA FIXA CP;42.730.834/0001-00
KDIF11;KINEA INFRA - FDO INV COTAS FDO INC. INV INF RF CP;26.324.298/0001-89
NUIF11;NU INFRA FIC INCENTIVADO EM INFRAESTRUTURA RF CP;40.963.403/0001-50
OGIN11;NIKOS FUNDO DE INVESTIMENTO EM COTAS DE FUNDOS INC;46.420.627/0001-00
PRIF11;PÁTRIA CRÉDITO INFRA RENDA FUN DE INV FIN EM COTAS;58.005.595/0001-58
RBIF11;RIO BRAVO ESG FIC INFRA RENDA FIXA CRÉDITO PRIVADO;38.314.962/0001-98
RIFF11;RIFF FDO DE INV CF INC DE INV INF RF RESP LIM;54.895.184/0001-24
SNID11;SUNO INFRA DEBÊNTURES FIC. FDO. INC. IE. RF;48.969.881/0001-80
VANG11;ICATU VANGUARDA INCENTIVADO EM INFRAESTRUTURA;53.248.945/0001-93
XPID11;XP FDO INV. COTAS FDO INC. INV. EM INFR. R. FIXA;37.404.867/0001-12
WRLD11;INVESTO FTSE GLOBAL EQUITIES ETF FDO INDICE - IE;42.280.262/0001-05
IVVB11;ISHARES S&P 500 FUNDO DE ÍNDICE;19.909.560/0001-91
B5P211;IT NOW IMA-B5 P2;38.354.864/0001-84
ALUG11;INVESTO ETF MSCI REAL ESTATE ETF FDO INDICE - IE;42.280.328/0001-59
USDB11;INVESTO GESTÃO DE RECURSOS LTDA;43.216.061/0001-01
